ascend,reward
0,-1059.6574471977497
80,-7236.298443756824
