ascend,reward
0,-1496.5330343175574
80,-2506.7697569848374
