ascend,reward
0,-445.1358037900206
20,-214.1491712052654
40,-195.64674230041192
60,-320.8518981818044
80,-583.8634332186328
180,-6535.179023667786
