ascend,reward
0,-622.3531085865137
20,-654.1636316554028
40,-633.2501028267312
60,-851.1954168257549
80,-1019.8147893204874
180,-3017.1043609139715
